"Summary Statistics for Professional, Scientific and Technical Activities Establishments by Region and Industry Group: Philippines by Geolocation, Industry Description, Year and Data Items"

"Geolocation","Industry Description","2020 Number of Establishments","2020 Total Employment a/","2020 Paid Employees a/","2020 Workers on Sub-Contract Agreement or Under Manpower Agencies/Contractors a/","2020 Total Revenue","2020 Total Expense","2020 Compensation","2020 Other Expense","2020 Value Added","2020 Gross Additions To Tangible Fixed Assets","2020 Change in Inventories","2020 Sales from E-commerce","2020 Subsidies"
"PHILIPPINES","Professional, Scientific and Technical Activities",4816,127895,127130,5102,255551230,227142986,63723538,163419448,113667513,3526093,916666,-,359362
"PHILIPPINES","..Legal activities",971,7958,7732,29,9837420,6838002,2611747,4226255,5948810,243713,796,-,30
"PHILIPPINES","..Accounting, bookkeeping and auditing activities; tax consultancy",441,18589,18361,545,22602743,18752076,8850871,9901205,13487942,241615,462360,-,40
"PHILIPPINES","..Activities of head offices",59,4780,4779,247,86920548,83857492,3012336,80845156,19617555,744542,-108156,-,-
"PHILIPPINES","..Management consultancy activities",639,30282,30197,1198,39733072,35474075,20927164,14546910,27131263,342932,16478,-,-
"PHILIPPINES","..Architectural and engineering activities and related technical consultancy",578,34013,33911,675,41563532,33461700,16474338,16987362,25950362,275808,105757,-,817
"PHILIPPINES","..Technical testing and analysis",411,5907,5907,13,5010990,2863943,1066517,1797426,3685983,776040,-3250,-,-
"PHILIPPINES","..Research and experimental development on natural sciences and engineering",40,2407,2404,742,2895644,2605247,1333492,1271756,2035680,22718,253,-,-
"PHILIPPINES","..Research and experimental development on social sciences and humanities",15,837,837,175,755981,886001,239464,646537,155805,-2423,-,-,355403
"PHILIPPINES","..Research and experimental development in information technology",15,3262,3259,18,3707398,3538622,2306200,1232422,2647440,187895,-1738,-,-
"PHILIPPINES","..Research and experimental development services, n.e.c.",3,72,72,-,10998,18290,10330,7959,3924,-,-,-,-
"PHILIPPINES","..Advertising",450,7950,7891,1133,26958654,24083133,3284315,20798818,7419884,326333,9286,-,-
"PHILIPPINES","..Market research and public opinion polling",45,2487,2487,200,7370669,7473760,1480215,5993545,1958256,111518,31469,-,3073
"PHILIPPINES","..Specialized design activities",59,1279,1279,-,965820,774148,265799,508349,538945,12236,-25261,-,-
"PHILIPPINES","..Photographic activities",717,4664,4640,118,3408151,3431546,738467,2693080,1095668,127827,6894,-,-
"PHILIPPINES","..Other professional, scientific and technical activities, n.e.c.",80,1429,1411,1,1055803,957988,417450,540538,550922,-,-,-,-
"PHILIPPINES","..Veterinary activities",294,1980,1963,7,2753807,2126963,704833,1422130,1439074,115340,421778,-,-
"..National Capital Region","Professional, Scientific and Technical Activities",2606,96094,95625,3742,231614468,205345181,53929727,151415454,100705462,2803351,933707,-,355057
"..National Capital Region","..Legal activities",531,6220,6135,29,9024764,6307094,2369184,3937911,5374531,231811,-,-,30
"..National Capital Region","..Accounting, bookkeeping and auditing activities; tax consultancy",266,15274,15052,543,21000394,17211524,7873338,9338187,12359022,218297,462524,-,-
"..National Capital Region","..Activities of head offices",45,4004,4004,55,86131875,83107458,2867990,80239469,19359237,729510,-108231,-,-
"..National Capital Region","..Management consultancy activities",525,27456,27410,972,36736480,32628058,19994812,12633245,26087146,228390,-4586,-,-
"..National Capital Region","..Architectural and engineering activities and related technical consultancy",358,23539,23485,622,34314278,26546523,12626564,13919958,21602556,199327,2833,-,-
"..National Capital Region","..Technical testing and analysis",68,3242,3242,6,3379037,1613901,529696,1084206,2728341,537891,-,-,-
"..National Capital Region","..Research and experimental development on natural sciences and engineering",24,1617,1617,6,1507660,1350897,761891,589005,1230400,22129,-,-,-
"..National Capital Region","..Research and experimental development on social sciences and humanities",11,514,514,175,501997,629154,187242,441912,104882,-2776,-,-,355027
"..National Capital Region","..Research and experimental development in information technology",12,1393,1390,9,1738645,1540723,874275,666448,1100785,112831,-1304,-,-
"..National Capital Region","..Research and experimental development services, n.e.c.",3,72,72,-,10998,18290,10330,7959,3924,-,-,-,-
"..National Capital Region","..Advertising",303,6193,6136,1117,25323391,22800325,3066607,19733719,6702288,321951,114940,-,-
"..National Capital Region","..Market research and public opinion polling",41,2063,2063,200,7274725,7386164,1424767,5961397,1893160,111345,31469,-,-
"..National Capital Region","..Specialized design activities",45,696,696,-,505350,407760,82854,324906,218363,-,-16486,-,-
"..National Capital Region","..Photographic activities",195,1962,1962,-,1153301,1285016,356888,928128,426836,32879,43703,-,-
"..National Capital Region","..Other professional, scientific and technical activities, n.e.c.",68,961,961,-,878766,784857,336652,448205,459285,-,-,-,-
"..National Capital Region","..Veterinary activities",112,889,889,7,2132808,1727436,566637,1160799,1054705,59766,408843,-,-
"..Cordillera Administrative Region","Professional, Scientific and Technical Activities",54,618,603,-,312905,294793,86539,208253,134374,1023,845,-,-
"..Cordillera Administrative Region","..Legal activities",10,43,38,-,5583,3721,1196,2525,3315,-,7,-,-
"..Cordillera Administrative Region","..Accounting, bookkeeping and auditing activities; tax consultancy",7,44,42,-,36058,30028,17046,12982,24168,-,-14,-,-
"..Cordillera Administrative Region","..Activities of head offices",N/A,N/A,N/A,N/A,N/A,N/A,N/A,N/A,N/A,N/A,N/A,N/A,N/A
"..Cordillera Administrative Region","..Management consultancy activities",3,142,142,-,137207,137531,14054,123477,31435,-,-,-,-
"..Cordillera Administrative Region","..Architectural and engineering activities and related technical consultancy",16,293,288,-,88944,77229,36691,40537,57067,4,177,-,-
"..Cordillera Administrative Region","..Technical testing and analysis",4,21,21,-,4836,4002,2009,1993,3064,-,-,-,-
"..Cordillera Administrative Region","..Research and experimental development on natural sciences and engineering",s,s,s,s,s,s,s,s,s,s,s,s,s
"..Cordillera Administrative Region","..Research and experimental development on social sciences and humanities",s,s,s,s,s,s,s,s,s,s,s,s,s
"..Cordillera Administrative Region","..Research and experimental development in information technology",N/A,N/A,N/A,N/A,N/A,N/A,N/A,N/A,N/A,N/A,N/A,N/A,N/A
"..Cordillera Administrative Region","..Research and experimental development services, n.e.c.",N/A,N/A,N/A,N/A,N/A,N/A,N/A,N/A,N/A,N/A,N/A,N/A,N/A
"..Cordillera Administrative Region","..Advertising",N/A,N/A,N/A,N/A,N/A,N/A,N/A,N/A,N/A,N/A,N/A,N/A,N/A
"..Cordillera Administrative Region","..Market research and public opinion polling",N/A,N/A,N/A,N/A,N/A,N/A,N/A,N/A,N/A,N/A,N/A,N/A,N/A
"..Cordillera Administrative Region","..Specialized design activities",N/A,N/A,N/A,N/A,N/A,N/A,N/A,N/A,N/A,N/A,N/A,N/A,N/A
"..Cordillera Administrative Region","..Photographic activities",10,31,29,-,3411,3398,810,2588,1239,930,96,-,-
"..Cordillera Administrative Region","..Other professional, scientific and technical activities, n.e.c.",N/A,N/A,N/A,N/A,N/A,N/A,N/A,N/A,N/A,N/A,N/A,N/A,N/A
"..Cordillera Administrative Region","..Veterinary activities",s,s,s,s,s,s,s,s,s,s,s,s,s
"..Ilocos","Professional, Scientific and Technical Activities",101,652,643,70,419538,477021,131975,345046,132867,8417,11732,-,-
"..Ilocos","..Legal activities",9,73,73,-,24148,20740,10675,10065,15058,-,-,-,-
"..Ilocos","..Accounting, bookkeeping and auditing activities; tax consultancy",10,70,70,-,15481,18185,10253,7932,10488,-,-,-,-
"..Ilocos","..Activities of head offices",s,s,s,s,s,s,s,s,s,s,s,s,s
"..Ilocos","..Management consultancy activities",5,164,164,-,128771,221726,29115,192610,-24945,571,199,-,-
"..Ilocos","..Architectural and engineering activities and related technical consultancy",5,49,48,-,15147,11680,6918,4762,11587,-,43,-,-
"..Ilocos","..Technical testing and analysis",19,38,38,-,34368,15970,6120,9850,29241,-,-,-,-
"..Ilocos","..Research and experimental development on natural sciences and engineering",N/A,N/A,N/A,N/A,N/A,N/A,N/A,N/A,N/A,N/A,N/A,N/A,N/A
"..Ilocos","..Research and experimental development on social sciences and humanities",N/A,N/A,N/A,N/A,N/A,N/A,N/A,N/A,N/A,N/A,N/A,N/A,N/A
"..Ilocos","..Research and experimental development in information technology",N/A,N/A,N/A,N/A,N/A,N/A,N/A,N/A,N/A,N/A,N/A,N/A,N/A
"..Ilocos","..Research and experimental development services, n.e.c.",N/A,N/A,N/A,N/A,N/A,N/A,N/A,N/A,N/A,N/A,N/A,N/A,N/A
"..Ilocos","..Advertising",s,s,s,s,s,s,s,s,s,s,s,s,s
"..Ilocos","..Market research and public opinion polling",N/A,N/A,N/A,N/A,N/A,N/A,N/A,N/A,N/A,N/A,N/A,N/A,N/A
"..Ilocos","..Specialized design activities",N/A,N/A,N/A,N/A,N/A,N/A,N/A,N/A,N/A,N/A,N/A,N/A,N/A
"..Ilocos","..Photographic activities",39,140,137,-,92880,106305,16958,89347,13210,7846,11707,-,-
"..Ilocos","..Other professional, scientific and technical activities, n.e.c.",N/A,N/A,N/A,N/A,N/A,N/A,N/A,N/A,N/A,N/A,N/A,N/A,N/A
"..Ilocos","..Veterinary activities",10,29,25,-,4947,5780,2196,3585,1492,-,-184,-,-
"..Cagayan Valley","Professional, Scientific and Technical Activities",40,309,309,-,255697,242248,53892,188356,88659,-,-206,-,-
"..Cagayan Valley","..Legal activities",7,14,14,-,10299,8719,1813,6906,3798,-,-25,-,-
"..Cagayan Valley","..Accounting, bookkeeping and auditing activities; tax consultancy",s,s,s,s,s,s,s,s,s,s,s,s,s
"..Cagayan Valley","..Activities of head offices",N/A,N/A,N/A,N/A,N/A,N/A,N/A,N/A,N/A,N/A,N/A,N/A,N/A
"..Cagayan Valley","..Management consultancy activities",3,116,116,-,111518,113370,8687,104683,22122,-,-,-,-
"..Cagayan Valley","..Architectural and engineering activities and related technical consultancy",N/A,N/A,N/A,N/A,N/A,N/A,N/A,N/A,N/A,N/A,N/A,N/A,N/A
"..Cagayan Valley","..Technical testing and analysis",13,72,72,-,110107,101596,32277,69319,45488,-,93,-,-
"..Cagayan Valley","..Research and experimental development on natural sciences and engineering",N/A,N/A,N/A,N/A,N/A,N/A,N/A,N/A,N/A,N/A,N/A,N/A,N/A
"..Cagayan Valley","..Research and experimental development on social sciences and humanities",N/A,N/A,N/A,N/A,N/A,N/A,N/A,N/A,N/A,N/A,N/A,N/A,N/A
"..Cagayan Valley","..Research and experimental development in information technology",N/A,N/A,N/A,N/A,N/A,N/A,N/A,N/A,N/A,N/A,N/A,N/A,N/A
"..Cagayan Valley","..Research and experimental development services, n.e.c.",N/A,N/A,N/A,N/A,N/A,N/A,N/A,N/A,N/A,N/A,N/A,N/A,N/A
"..Cagayan Valley","..Advertising",3,21,21,-,6087,4585,2919,1666,4691,-,-101,-,-
"..Cagayan Valley","..Market research and public opinion polling",N/A,N/A,N/A,N/A,N/A,N/A,N/A,N/A,N/A,N/A,N/A,N/A,N/A
"..Cagayan Valley","..Specialized design activities",N/A,N/A,N/A,N/A,N/A,N/A,N/A,N/A,N/A,N/A,N/A,N/A,N/A
"..Cagayan Valley","..Photographic activities",10,69,69,-,11833,10298,6878,3420,8827,-,-154,-,-
"..Cagayan Valley","..Other professional, scientific and technical activities, n.e.c.",N/A,N/A,N/A,N/A,N/A,N/A,N/A,N/A,N/A,N/A,N/A,N/A,N/A
"..Cagayan Valley","..Veterinary activities",s,s,s,s,s,s,s,s,s,s,s,s,s
"..Central Luzon","Professional, Scientific and Technical Activities",226,3603,3603,735,2783027,2336529,859412,1477118,1502846,103786,-13788,-,40
"..Central Luzon","..Legal activities",20,40,40,-,11592,10404,1394,9010,5616,-,-,-,-
"..Central Luzon","..Accounting, bookkeeping and auditing activities; tax consultancy",18,444,444,-,125401,116949,70963,45986,85297,5557,-,-,40
"..Central Luzon","..Activities of head offices",6,400,400,-,406651,414351,32105,382246,80162,3053,-,-,-
"..Central Luzon","..Management consultancy activities",7,263,263,-,228854,231727,22874,208853,51016,1667,-,-,-
"..Central Luzon","..Architectural and engineering activities and related technical consultancy",22,961,961,9,769839,721384,434490,286894,506175,3928,-15,-,-
"..Central Luzon","..Technical testing and analysis",21,135,135,-,75830,53877,19043,34834,52002,1773,-270,-,-
"..Central Luzon","..Research and experimental development on natural sciences and engineering",s,s,s,s,s,s,s,s,s,s,s,s,s
"..Central Luzon","..Research and experimental development on social sciences and humanities",N/A,N/A,N/A,N/A,N/A,N/A,N/A,N/A,N/A,N/A,N/A,N/A,N/A
"..Central Luzon","..Research and experimental development in information technology",s,s,s,s,s,s,s,s,s,s,s,s,s
"..Central Luzon","..Research and experimental development services, n.e.c.",N/A,N/A,N/A,N/A,N/A,N/A,N/A,N/A,N/A,N/A,N/A,N/A,N/A
"..Central Luzon","..Advertising",18,242,242,-,173257,34469,26549,7920,176392,-,-9037,-,-
"..Central Luzon","..Market research and public opinion polling",N/A,N/A,N/A,N/A,N/A,N/A,N/A,N/A,N/A,N/A,N/A,N/A,N/A
"..Central Luzon","..Specialized design activities",3,439,439,-,381983,307415,160962,146453,278360,12039,-10273,-,-
"..Central Luzon","..Photographic activities",69,176,176,23,113720,91697,16436,75262,47978,3339,5505,-,-
"..Central Luzon","..Other professional, scientific and technical activities, n.e.c.",s,s,s,s,s,s,s,s,s,s,s,s,s
"..Central Luzon","..Veterinary activities",39,245,245,-,83694,67048,18811,48237,50237,52436,1125,-,-
"..CALABARZON","Professional, Scientific and Technical Activities",549,11242,11200,240,8306397,8005591,3819461,4186130,4324203,109916,-18986,-,3449
"..CALABARZON","..Legal activities",88,460,417,-,113006,97180,74763,22417,99211,320,-2,-,-
"..CALABARZON","..Accounting, bookkeeping and auditing activities; tax consultancy",40,880,880,-,261883,257430,144289,113141,179401,2151,-3,-,-
"..CALABARZON","..Activities of head offices",3,36,36,120,126565,104715,9555,95161,37566,11979,-,-,-
"..CALABARZON","..Management consultancy activities",18,90,90,1,68969,38856,20708,18147,58136,77827,-,-,-
"..CALABARZON","..Architectural and engineering activities and related technical consultancy",46,5494,5494,-,3919776,4123877,2464458,1659420,2227908,-,107601,-,-
"..CALABARZON","..Technical testing and analysis",77,1592,1592,7,748534,636199,347101,289098,448883,10818,-3743,-,-
"..CALABARZON","..Research and experimental development on natural sciences and engineering",s,s,s,s,s,s,s,s,s,s,s,s,s
"..CALABARZON","..Research and experimental development on social sciences and humanities",s,s,s,s,s,s,s,s,s,s,s,s,s
"..CALABARZON","..Research and experimental development in information technology",N/A,N/A,N/A,N/A,N/A,N/A,N/A,N/A,N/A,N/A,N/A,N/A,N/A
"..CALABARZON","..Research and experimental development services, n.e.c.",N/A,N/A,N/A,N/A,N/A,N/A,N/A,N/A,N/A,N/A,N/A,N/A,N/A
"..CALABARZON","..Advertising",36,279,279,16,566136,400863,57344,343520,264909,-,-104550,-,-
"..CALABARZON","..Market research and public opinion polling",s,s,s,s,s,s,s,s,s,s,s,s,s
"..CALABARZON","..Specialized design activities",s,s,s,s,s,s,s,s,s,s,s,s,s
"..CALABARZON","..Photographic activities",165,775,775,95,1085458,1008316,110296,898019,226285,6093,-19716,-,-
"..CALABARZON","..Other professional, scientific and technical activities, n.e.c.",3,400,400,1,158723,152196,74152,78045,86251,-,-,-,-
"..CALABARZON","..Veterinary activities",68,301,301,-,117274,85030,36017,49013,73809,-,205,-,-
"..MIMAROPA","Professional, Scientific and Technical Activities",46,172,166,-,151273,138117,28140,109977,45040,1648,-2430,-,-
"..MIMAROPA","..Legal activities",7,22,22,-,3079,3044,1401,1642,1939,-,-427,-,-
"..MIMAROPA","..Accounting, bookkeeping and auditing activities; tax consultancy",7,63,63,-,9783,6822,4981,1841,8459,-,-45,-,-
"..MIMAROPA","..Activities of head offices",N/A,N/A,N/A,N/A,N/A,N/A,N/A,N/A,N/A,N/A,N/A,N/A,N/A
"..MIMAROPA","..Management consultancy activities",N/A,N/A,N/A,N/A,N/A,N/A,N/A,N/A,N/A,N/A,N/A,N/A,N/A
"..MIMAROPA","..Architectural and engineering activities and related technical consultancy",N/A,N/A,N/A,N/A,N/A,N/A,N/A,N/A,N/A,N/A,N/A,N/A,N/A
"..MIMAROPA","..Technical testing and analysis",10,41,41,-,16450,13205,10373,2833,14832,58,-175,-,-
"..MIMAROPA","..Research and experimental development on natural sciences and engineering",N/A,N/A,N/A,N/A,N/A,N/A,N/A,N/A,N/A,N/A,N/A,N/A,N/A
"..MIMAROPA","..Research and experimental development on social sciences and humanities",N/A,N/A,N/A,N/A,N/A,N/A,N/A,N/A,N/A,N/A,N/A,N/A,N/A
"..MIMAROPA","..Research and experimental development in information technology",N/A,N/A,N/A,N/A,N/A,N/A,N/A,N/A,N/A,N/A,N/A,N/A,N/A
"..MIMAROPA","..Research and experimental development services, n.e.c.",N/A,N/A,N/A,N/A,N/A,N/A,N/A,N/A,N/A,N/A,N/A,N/A,N/A
"..MIMAROPA","..Advertising",N/A,N/A,N/A,N/A,N/A,N/A,N/A,N/A,N/A,N/A,N/A,N/A,N/A
"..MIMAROPA","..Market research and public opinion polling",N/A,N/A,N/A,N/A,N/A,N/A,N/A,N/A,N/A,N/A,N/A,N/A,N/A
"..MIMAROPA","..Specialized design activities",N/A,N/A,N/A,N/A,N/A,N/A,N/A,N/A,N/A,N/A,N/A,N/A,N/A
"..MIMAROPA","..Photographic activities",18,36,30,-,112252,109786,10659,99128,14396,-,-2211,-,-
"..MIMAROPA","..Other professional, scientific and technical activities, n.e.c.",N/A,N/A,N/A,N/A,N/A,N/A,N/A,N/A,N/A,N/A,N/A,N/A,N/A
"..MIMAROPA","..Veterinary activities",4,11,11,-,9710,5260,727,4533,5415,1590,429,-,-
"..Bicol","Professional, Scientific and Technical Activities",70,414,412,-,185976,164281,43196,121086,80832,4703,-460,-,-
"..Bicol","..Legal activities",21,42,42,-,11973,10584,6930,3653,9139,-69,27,-,-
"..Bicol","..Accounting, bookkeeping and auditing activities; tax consultancy",s,s,s,s,s,s,s,s,s,s,s,s,s
"..Bicol","..Activities of head offices",N/A,N/A,N/A,N/A,N/A,N/A,N/A,N/A,N/A,N/A,N/A,N/A,N/A
"..Bicol","..Management consultancy activities",3,105,103,-,74123,73601,10999,62601,20770,742,48,-,-
"..Bicol","..Architectural and engineering activities and related technical consultancy",s,s,s,s,s,s,s,s,s,s,s,s,s
"..Bicol","..Technical testing and analysis",9,22,22,-,6334,4929,1311,3618,2935,-,-,-,-
"..Bicol","..Research and experimental development on natural sciences and engineering",N/A,N/A,N/A,N/A,N/A,N/A,N/A,N/A,N/A,N/A,N/A,N/A,N/A
"..Bicol","..Research and experimental development on social sciences and humanities",N/A,N/A,N/A,N/A,N/A,N/A,N/A,N/A,N/A,N/A,N/A,N/A,N/A
"..Bicol","..Research and experimental development in information technology",N/A,N/A,N/A,N/A,N/A,N/A,N/A,N/A,N/A,N/A,N/A,N/A,N/A
"..Bicol","..Research and experimental development services, n.e.c.",N/A,N/A,N/A,N/A,N/A,N/A,N/A,N/A,N/A,N/A,N/A,N/A,N/A
"..Bicol","..Advertising",8,149,149,-,50483,35046,15424,19622,32929,2925,-2810,-,-
"..Bicol","..Market research and public opinion polling",N/A,N/A,N/A,N/A,N/A,N/A,N/A,N/A,N/A,N/A,N/A,N/A,N/A
"..Bicol","..Specialized design activities",N/A,N/A,N/A,N/A,N/A,N/A,N/A,N/A,N/A,N/A,N/A,N/A,N/A
"..Bicol","..Photographic activities",20,54,54,-,20829,20694,3969,16725,6844,1105,1866,-,-
"..Bicol","..Other professional, scientific and technical activities, n.e.c.",N/A,N/A,N/A,N/A,N/A,N/A,N/A,N/A,N/A,N/A,N/A,N/A,N/A
"..Bicol","..Veterinary activities",5,14,14,-,10470,9918,1353,8564,2018,-,486,-,-
"..Western Visayas","Professional, Scientific and Technical Activities",163,1676,1586,-,663347,629687,170824,458862,228597,1544,25116,-,-
"..Western Visayas","..Legal activities",51,224,177,-,24623,17563,9684,7879,17474,-,-1,-,-
"..Western Visayas","..Accounting, bookkeeping and auditing activities; tax consultancy",15,123,123,-,35765,30265,21166,9099,29570,-,-,-,-
"..Western Visayas","..Activities of head offices",s,s,s,s,s,s,s,s,s,s,s,s,s
"..Western Visayas","..Management consultancy activities",9,218,193,-,138162,143350,19847,123503,22991,-,-,-,-
"..Western Visayas","..Architectural and engineering activities and related technical consultancy",13,151,151,-,32100,27480,21156,6324,27575,-,-612,-,-
"..Western Visayas","..Technical testing and analysis",17,52,52,-,108170,80996,20389,60608,51210,-,-,-,-
"..Western Visayas","..Research and experimental development on natural sciences and engineering",3,38,38,-,9603,21392,13581,7811,2408,-,73,-,-
"..Western Visayas","..Research and experimental development on social sciences and humanities",N/A,N/A,N/A,N/A,N/A,N/A,N/A,N/A,N/A,N/A,N/A,N/A,N/A
"..Western Visayas","..Research and experimental development in information technology",N/A,N/A,N/A,N/A,N/A,N/A,N/A,N/A,N/A,N/A,N/A,N/A,N/A
"..Western Visayas","..Research and experimental development services, n.e.c.",N/A,N/A,N/A,N/A,N/A,N/A,N/A,N/A,N/A,N/A,N/A,N/A,N/A
"..Western Visayas","..Advertising",17,172,172,-,36757,33261,7968,25293,12445,-,1322,-,-
"..Western Visayas","..Market research and public opinion polling",N/A,N/A,N/A,N/A,N/A,N/A,N/A,N/A,N/A,N/A,N/A,N/A,N/A
"..Western Visayas","..Specialized design activities",s,s,s,s,s,s,s,s,s,s,s,s,s
"..Western Visayas","..Photographic activities",23,490,490,-,111211,111756,29653,82103,25995,1544,13104,-,-
"..Western Visayas","..Other professional, scientific and technical activities, n.e.c.",s,s,s,s,s,s,s,s,s,s,s,s,s
"..Western Visayas","..Veterinary activities",9,107,107,-,103045,97394,12127,85267,19369,-,11297,-,-
"..Central Visayas","Professional, Scientific and Technical Activities",385,7411,7345,267,5644464,5510991,3225536,2285455,3765856,116824,21521,-,-
"..Central Visayas","..Legal activities",90,272,241,-,64530,54187,21453,32734,44854,-,1528,-,-
"..Central Visayas","..Accounting, bookkeeping and auditing activities; tax consultancy",23,571,571,-,396878,505781,374379,131402,274261,-,-,-,-
"..Central Visayas","..Activities of head offices",s,s,s,s,s,s,s,s,s,s,s,s,s
"..Central Visayas","..Management consultancy activities",45,1157,1157,225,1195494,1119156,427278,691878,559043,28051,20805,-,-
"..Central Visayas","..Architectural and engineering activities and related technical consultancy",48,1784,1761,-,1177606,1114721,652924,461797,794238,33560,15,-,-
"..Central Visayas","..Technical testing and analysis",62,322,322,-,57826,41463,21118,20345,44983,-,-,-,-
"..Central Visayas","..Research and experimental development on natural sciences and engineering",4,73,73,33,96668,108160,82287,25873,71590,-,-,-,-
"..Central Visayas","..Research and experimental development on social sciences and humanities",3,1841,1841,9,1940577,1977926,1429584,548342,1542611,55071,-,-,-
"..Central Visayas","..Research and experimental development in information technology",c,c,c,c,c,c,c,c,c,c,c,c,c
"..Central Visayas","..Research and experimental development services, n.e.c.",N/A,N/A,N/A,N/A,N/A,N/A,N/A,N/A,N/A,N/A,N/A,N/A,N/A
"..Central Visayas","..Advertising",21,448,448,-,216191,251813,44715,207099,86120,-,241,-,-
"..Central Visayas","..Market research and public opinion polling",s,s,s,s,s,s,s,s,s,s,s,s,s
"..Central Visayas","..Specialized design activities",5,58,58,-,24898,24832,5866,18966,6689,-,284,-,-
"..Central Visayas","..Photographic activities",52,362,362,-,95915,90381,69704,20677,80150,-,-1048,-,-
"..Central Visayas","..Other professional, scientific and technical activities, n.e.c.",3,17,17,-,4981,6869,4072,2797,2852,-,-,-,-
"..Central Visayas","..Veterinary activities",25,286,274,-,267332,112382,60649,51733,216452,-,-304,-,-
"..Eastern Visayas","Professional, Scientific and Technical Activities",38,277,277,-,69682,55388,28082,27306,47059,353,-538,-,-
"..Eastern Visayas","..Legal activities",8,16,16,-,4246,3057,1070,1986,2876,-,-200,-,-
"..Eastern Visayas","..Accounting, bookkeeping and auditing activities; tax consultancy",5,51,51,-,15453,11854,7493,4361,12307,-,-17,-,-
"..Eastern Visayas","..Activities of head offices",N/A,N/A,N/A,N/A,N/A,N/A,N/A,N/A,N/A,N/A,N/A,N/A,N/A
"..Eastern Visayas","..Management consultancy activities",N/A,N/A,N/A,N/A,N/A,N/A,N/A,N/A,N/A,N/A,N/A,N/A,N/A
"..Eastern Visayas","..Architectural and engineering activities and related technical consultancy",s,s,s,s,s,s,s,s,s,s,s,s,s
"..Eastern Visayas","..Technical testing and analysis",14,81,81,-,12467,9321,5429,3892,9843,-,-,-,-
"..Eastern Visayas","..Research and experimental development on natural sciences and engineering",N/A,N/A,N/A,N/A,N/A,N/A,N/A,N/A,N/A,N/A,N/A,N/A,N/A
"..Eastern Visayas","..Research and experimental development on social sciences and humanities",s,s,s,s,s,s,s,s,s,s,s,s,s
"..Eastern Visayas","..Research and experimental development in information technology",N/A,N/A,N/A,N/A,N/A,N/A,N/A,N/A,N/A,N/A,N/A,N/A,N/A
"..Eastern Visayas","..Research and experimental development services, n.e.c.",N/A,N/A,N/A,N/A,N/A,N/A,N/A,N/A,N/A,N/A,N/A,N/A,N/A
"..Eastern Visayas","..Advertising",6,76,76,-,14860,13068,8119,4949,10645,-,-322,-,-
"..Eastern Visayas","..Market research and public opinion polling",N/A,N/A,N/A,N/A,N/A,N/A,N/A,N/A,N/A,N/A,N/A,N/A,N/A
"..Eastern Visayas","..Specialized design activities",N/A,N/A,N/A,N/A,N/A,N/A,N/A,N/A,N/A,N/A,N/A,N/A,N/A
"..Eastern Visayas","..Photographic activities",3,6,6,-,1050,995,388,607,613,-,1,-,-
"..Eastern Visayas","..Other professional, scientific and technical activities, n.e.c.",N/A,N/A,N/A,N/A,N/A,N/A,N/A,N/A,N/A,N/A,N/A,N/A,N/A
"..Eastern Visayas","..Veterinary activities",N/A,N/A,N/A,N/A,N/A,N/A,N/A,N/A,N/A,N/A,N/A,N/A,N/A
"..Zamboanga Peninsula","Professional, Scientific and Technical Activities",40,252,252,-,128245,130854,30722,100132,48288,2399,-13436,-,-
"..Zamboanga Peninsula","..Legal activities",8,34,34,-,9663,5537,2407,3130,8123,-,88,-,-
"..Zamboanga Peninsula","..Accounting, bookkeeping and auditing activities; tax consultancy",s,s,s,s,s,s,s,s,s,s,s,s,s
"..Zamboanga Peninsula","..Activities of head offices",N/A,N/A,N/A,N/A,N/A,N/A,N/A,N/A,N/A,N/A,N/A,N/A,N/A
"..Zamboanga Peninsula","..Management consultancy activities",s,s,s,s,s,s,s,s,s,s,s,s,s
"..Zamboanga Peninsula","..Architectural and engineering activities and related technical consultancy",N/A,N/A,N/A,N/A,N/A,N/A,N/A,N/A,N/A,N/A,N/A,N/A,N/A
"..Zamboanga Peninsula","..Technical testing and analysis",16,69,69,-,21721,15706,5510,10197,12108,-,-,-,-
"..Zamboanga Peninsula","..Research and experimental development on natural sciences and engineering",N/A,N/A,N/A,N/A,N/A,N/A,N/A,N/A,N/A,N/A,N/A,N/A,N/A
"..Zamboanga Peninsula","..Research and experimental development on social sciences and humanities",N/A,N/A,N/A,N/A,N/A,N/A,N/A,N/A,N/A,N/A,N/A,N/A,N/A
"..Zamboanga Peninsula","..Research and experimental development in information technology",N/A,N/A,N/A,N/A,N/A,N/A,N/A,N/A,N/A,N/A,N/A,N/A,N/A
"..Zamboanga Peninsula","..Research and experimental development services, n.e.c.",N/A,N/A,N/A,N/A,N/A,N/A,N/A,N/A,N/A,N/A,N/A,N/A,N/A
"..Zamboanga Peninsula","..Advertising",s,s,s,s,s,s,s,s,s,s,s,s,s
"..Zamboanga Peninsula","..Market research and public opinion polling",N/A,N/A,N/A,N/A,N/A,N/A,N/A,N/A,N/A,N/A,N/A,N/A,N/A
"..Zamboanga Peninsula","..Specialized design activities",N/A,N/A,N/A,N/A,N/A,N/A,N/A,N/A,N/A,N/A,N/A,N/A,N/A
"..Zamboanga Peninsula","..Photographic activities",10,59,59,-,77724,94109,15680,78429,15071,2399,-13525,-,-
"..Zamboanga Peninsula","..Other professional, scientific and technical activities, n.e.c.",s,s,s,s,s,s,s,s,s,s,s,s,s
"..Zamboanga Peninsula","..Veterinary activities",s,s,s,s,s,s,s,s,s,s,s,s,s
"..Northern Mindanao","Professional, Scientific and Technical Activities",103,764,764,23,403179,324546,109754,214792,251154,354768,-284,-,817
"..Northern Mindanao","..Legal activities",24,79,79,-,28193,22048,8793,13255,20116,11652,-141,-,-
"..Northern Mindanao","..Accounting, bookkeeping and auditing activities; tax consultancy",10,130,130,-,90006,55930,25940,29990,64901,14160,-,-,-
"..Northern Mindanao","..Activities of head offices",N/A,N/A,N/A,N/A,N/A,N/A,N/A,N/A,N/A,N/A,N/A,N/A,N/A
"..Northern Mindanao","..Management consultancy activities",3,90,90,-,88065,78119,17322,60797,38660,7191,-,-,-
"..Northern Mindanao","..Architectural and engineering activities and related technical consultancy",12,231,231,23,117911,99159,27288,71871,55560,34977,-,-,817
"..Northern Mindanao","..Technical testing and analysis",16,39,39,-,19172,10664,4514,6150,14196,225500,-,-,-
"..Northern Mindanao","..Research and experimental development on natural sciences and engineering",s,s,s,s,s,s,s,s,s,s,s,s,s
"..Northern Mindanao","..Research and experimental development on social sciences and humanities",N/A,N/A,N/A,N/A,N/A,N/A,N/A,N/A,N/A,N/A,N/A,N/A,N/A
"..Northern Mindanao","..Research and experimental development in information technology",N/A,N/A,N/A,N/A,N/A,N/A,N/A,N/A,N/A,N/A,N/A,N/A,N/A
"..Northern Mindanao","..Research and experimental development services, n.e.c.",N/A,N/A,N/A,N/A,N/A,N/A,N/A,N/A,N/A,N/A,N/A,N/A,N/A
"..Northern Mindanao","..Advertising",7,64,64,-,14037,17634,8305,9329,5170,360,-,-,-
"..Northern Mindanao","..Market research and public opinion polling",N/A,N/A,N/A,N/A,N/A,N/A,N/A,N/A,N/A,N/A,N/A,N/A,N/A
"..Northern Mindanao","..Specialized design activities",N/A,N/A,N/A,N/A,N/A,N/A,N/A,N/A,N/A,N/A,N/A,N/A,N/A
"..Northern Mindanao","..Photographic activities",27,88,88,-,35932,31548,13125,18423,46720,60052,-110,-,-
"..Northern Mindanao","..Other professional, scientific and technical activities, n.e.c.",N/A,N/A,N/A,N/A,N/A,N/A,N/A,N/A,N/A,N/A,N/A,N/A,N/A
"..Northern Mindanao","..Veterinary activities",s,s,s,s,s,s,s,s,s,s,s,s,s
"..Davao Region","Professional, Scientific and Technical Activities",211,3123,3091,4,3694360,2757272,965844,1791428,1812256,10663,5352,-,-
"..Davao Region","..Legal activities",58,253,253,-,475268,251106,87303,163802,324049,-,-,-,-
"..Davao Region","..Accounting, bookkeeping and auditing activities; tax consultancy",22,728,725,2,518046,425126,255700,169426,371327,1450,-,-,-
"..Davao Region","..Activities of head offices",s,s,s,s,s,s,s,s,s,s,s,s,s
"..Davao Region","..Management consultancy activities",9,397,386,-,812452,669263,349551,319712,258534,-1575,-,-,-
"..Davao Region","..Architectural and engineering activities and related technical consultancy",44,947,928,-,760010,512539,97677,414863,398302,4011,1860,-,-
"..Davao Region","..Technical testing and analysis",22,90,90,-,171961,76658,26260,50399,128618,-,823,-,-
"..Davao Region","..Research and experimental development on natural sciences and engineering",N/A,N/A,N/A,N/A,N/A,N/A,N/A,N/A,N/A,N/A,N/A,N/A,N/A
"..Davao Region","..Research and experimental development on social sciences and humanities",N/A,N/A,N/A,N/A,N/A,N/A,N/A,N/A,N/A,N/A,N/A,N/A,N/A
"..Davao Region","..Research and experimental development in information technology",N/A,N/A,N/A,N/A,N/A,N/A,N/A,N/A,N/A,N/A,N/A,N/A,N/A
"..Davao Region","..Research and experimental development services, n.e.c.",N/A,N/A,N/A,N/A,N/A,N/A,N/A,N/A,N/A,N/A,N/A,N/A,N/A
"..Davao Region","..Advertising",22,224,224,-,533473,469307,40441,428866,115428,-,9859,-,-
"..Davao Region","..Market research and public opinion polling",s,s,s,s,s,s,s,s,s,s,s,s,s
"..Davao Region","..Specialized design activities",3,58,58,-,37129,18320,11829,6492,31343,-,-7,-,-
"..Davao Region","..Photographic activities",24,234,234,-,332443,281644,55601,226043,142239,6777,-7184,-,-
"..Davao Region","..Other professional, scientific and technical activities, n.e.c.",3,19,19,-,8865,9350,1827,7523,1858,-,-,-,-
"..Davao Region","..Veterinary activities",s,s,s,s,s,s,s,s,s,s,s,s,s
"..SOCCSKSARGEN","Professional, Scientific and Technical Activities",119,1041,1030,21,765059,622976,205674,417302,410116,6251,-31364,-,-
"..SOCCSKSARGEN","..Legal activities",26,112,103,-,17764,17181,10558,6623,12381,-,-27,-,-
"..SOCCSKSARGEN","..Accounting, bookkeeping and auditing activities; tax consultancy",9,102,102,-,61699,52799,28894,23905,42130,-,-,-,-
"..SOCCSKSARGEN","..Activities of head offices",N/A,N/A,N/A,N/A,N/A,N/A,N/A,N/A,N/A,N/A,N/A,N/A,N/A
"..SOCCSKSARGEN","..Management consultancy activities",s,s,s,s,s,s,s,s,s,s,s,s,s
"..SOCCSKSARGEN","..Architectural and engineering activities and related technical consultancy",11,538,538,21,359263,221415,103469,117946,263482,-,-6142,-,-
"..SOCCSKSARGEN","..Technical testing and analysis",25,50,50,-,159236,131341,18993,112348,50268,-,-,-,-
"..SOCCSKSARGEN","..Research and experimental development on natural sciences and engineering",s,s,s,s,s,s,s,s,s,s,s,s,s
"..SOCCSKSARGEN","..Research and experimental development on social sciences and humanities",N/A,N/A,N/A,N/A,N/A,N/A,N/A,N/A,N/A,N/A,N/A,N/A,N/A
"..SOCCSKSARGEN","..Research and experimental development in information technology",N/A,N/A,N/A,N/A,N/A,N/A,N/A,N/A,N/A,N/A,N/A,N/A,N/A
"..SOCCSKSARGEN","..Research and experimental development services, n.e.c.",N/A,N/A,N/A,N/A,N/A,N/A,N/A,N/A,N/A,N/A,N/A,N/A,N/A
"..SOCCSKSARGEN","..Advertising",4,24,24,-,13353,12370,1765,10605,3629,1117,-83,-,-
"..SOCCSKSARGEN","..Market research and public opinion polling",N/A,N/A,N/A,N/A,N/A,N/A,N/A,N/A,N/A,N/A,N/A,N/A,N/A
"..SOCCSKSARGEN","..Specialized design activities",N/A,N/A,N/A,N/A,N/A,N/A,N/A,N/A,N/A,N/A,N/A,N/A,N/A
"..SOCCSKSARGEN","..Photographic activities",30,116,116,-,129523,161204,28072,133132,25698,4862,-25023,-,-
"..SOCCSKSARGEN","..Other professional, scientific and technical activities, n.e.c.",N/A,N/A,N/A,N/A,N/A,N/A,N/A,N/A,N/A,N/A,N/A,N/A,N/A
"..SOCCSKSARGEN","..Veterinary activities",7,22,22,-,8098,4648,1395,3253,5052,204,-89,-,-
"..Caraga","Professional, Scientific and Technical Activities",61,240,219,-,152945,106945,34653,72293,89670,447,-115,-,-
"..Caraga","..Legal activities",14,55,49,-,8688,5838,3123,2715,6329,-,-31,-,-
"..Caraga","..Accounting, bookkeeping and auditing activities; tax consultancy",3,25,25,-,17140,13726,9042,4685,13639,-,-,-,-
"..Caraga","..Activities of head offices",N/A,N/A,N/A,N/A,N/A,N/A,N/A,N/A,N/A,N/A,N/A,N/A,N/A
"..Caraga","..Management consultancy activities",4,24,24,-,6586,4605,975,3630,3274,-,12,-,-
"..Caraga","..Architectural and engineering activities and related technical consultancy",N/A,N/A,N/A,N/A,N/A,N/A,N/A,N/A,N/A,N/A,N/A,N/A,N/A
"..Caraga","..Technical testing and analysis",17,41,41,-,84942,54113,16376,37737,49971,-,21,-,-
"..Caraga","..Research and experimental development on natural sciences and engineering",N/A,N/A,N/A,N/A,N/A,N/A,N/A,N/A,N/A,N/A,N/A,N/A,N/A
"..Caraga","..Research and experimental development on social sciences and humanities",N/A,N/A,N/A,N/A,N/A,N/A,N/A,N/A,N/A,N/A,N/A,N/A,N/A
"..Caraga","..Research and experimental development in information technology",N/A,N/A,N/A,N/A,N/A,N/A,N/A,N/A,N/A,N/A,N/A,N/A,N/A
"..Caraga","..Research and experimental development services, n.e.c.",N/A,N/A,N/A,N/A,N/A,N/A,N/A,N/A,N/A,N/A,N/A,N/A,N/A
"..Caraga","..Advertising",s,s,s,s,s,s,s,s,s,s,s,s,s
"..Caraga","..Market research and public opinion polling",N/A,N/A,N/A,N/A,N/A,N/A,N/A,N/A,N/A,N/A,N/A,N/A,N/A
"..Caraga","..Specialized design activities",N/A,N/A,N/A,N/A,N/A,N/A,N/A,N/A,N/A,N/A,N/A,N/A,N/A
"..Caraga","..Photographic activities",18,62,49,-,29999,23835,3243,20591,13334,-,-117,-,-
"..Caraga","..Other professional, scientific and technical activities, n.e.c.",N/A,N/A,N/A,N/A,N/A,N/A,N/A,N/A,N/A,N/A,N/A,N/A,N/A
"..Caraga","..Veterinary activities",s,s,s,s,s,s,s,s,s,s,s,s,s
"..Autonomous Region in Muslim Mindanao","Professional, Scientific and Technical Activities",3,5,5,-,668,565,108,457,234,-,-,-,-
"..Autonomous Region in Muslim Mindanao","..Legal activities",N/A,N/A,N/A,N/A,N/A,N/A,N/A,N/A,N/A,N/A,N/A,N/A,N/A
"..Autonomous Region in Muslim Mindanao","..Accounting, bookkeeping and auditing activities; tax consultancy",N/A,N/A,N/A,N/A,N/A,N/A,N/A,N/A,N/A,N/A,N/A,N/A,N/A
"..Autonomous Region in Muslim Mindanao","..Activities of head offices",N/A,N/A,N/A,N/A,N/A,N/A,N/A,N/A,N/A,N/A,N/A,N/A,N/A
"..Autonomous Region in Muslim Mindanao","..Management consultancy activities",N/A,N/A,N/A,N/A,N/A,N/A,N/A,N/A,N/A,N/A,N/A,N/A,N/A
"..Autonomous Region in Muslim Mindanao","..Architectural and engineering activities and related technical consultancy",N/A,N/A,N/A,N/A,N/A,N/A,N/A,N/A,N/A,N/A,N/A,N/A,N/A
"..Autonomous Region in Muslim Mindanao","..Technical testing and analysis",N/A,N/A,N/A,N/A,N/A,N/A,N/A,N/A,N/A,N/A,N/A,N/A,N/A
"..Autonomous Region in Muslim Mindanao","..Research and experimental development on natural sciences and engineering",N/A,N/A,N/A,N/A,N/A,N/A,N/A,N/A,N/A,N/A,N/A,N/A,N/A
"..Autonomous Region in Muslim Mindanao","..Research and experimental development on social sciences and humanities",N/A,N/A,N/A,N/A,N/A,N/A,N/A,N/A,N/A,N/A,N/A,N/A,N/A
"..Autonomous Region in Muslim Mindanao","..Research and experimental development in information technology",N/A,N/A,N/A,N/A,N/A,N/A,N/A,N/A,N/A,N/A,N/A,N/A,N/A
"..Autonomous Region in Muslim Mindanao","..Research and experimental development services, n.e.c.",N/A,N/A,N/A,N/A,N/A,N/A,N/A,N/A,N/A,N/A,N/A,N/A,N/A
"..Autonomous Region in Muslim Mindanao","..Advertising",N/A,N/A,N/A,N/A,N/A,N/A,N/A,N/A,N/A,N/A,N/A,N/A,N/A
"..Autonomous Region in Muslim Mindanao","..Market research and public opinion polling",N/A,N/A,N/A,N/A,N/A,N/A,N/A,N/A,N/A,N/A,N/A,N/A,N/A
"..Autonomous Region in Muslim Mindanao","..Specialized design activities",N/A,N/A,N/A,N/A,N/A,N/A,N/A,N/A,N/A,N/A,N/A,N/A,N/A
"..Autonomous Region in Muslim Mindanao","..Photographic activities",3,5,5,-,668,565,108,457,234,-,-,-,-
"..Autonomous Region in Muslim Mindanao","..Other professional, scientific and technical activities, n.e.c.",N/A,N/A,N/A,N/A,N/A,N/A,N/A,N/A,N/A,N/A,N/A,N/A,N/A
"..Autonomous Region in Muslim Mindanao","..Veterinary activities",N/A,N/A,N/A,N/A,N/A,N/A,N/A,N/A,N/A,N/A,N/A,N/A,N/A
